n_gt,pooled_micro_iou50_pct,pooled_micro_iou75_pct,sequence_macro_iou50_pct,fold_mean_iou50_pct,mean_iou,median_iou,centre_error_mean,centre_error_median,centre_error_p90,sequence,config
1203.0,33.66583541147132,4.073150457190358,33.66583541147132,33.66583541147132,0.45280803704496464,0.4360421598668335,7.88535640765948,5.448590207130835,11.818557600437813,2025_12_23_21_12_28_EVK4_mag5.2,C1_CENTROID__S2
43.0,37.2093023255814,2.3255813953488373,37.2093023255814,37.2093023255814,0.45503988066399575,0.45581633002633126,7.244232503047697,5.072154073507428,10.982239697084683,DAVIS_COSMOS1933_18958_2024-12-04-18-37-01,C1_CENTROID__S2
3140.0,62.802547770700635,18.15286624203822,62.802547770700635,62.802547770700635,0.5500587790201009,0.5963355041661209,2.0188065134408126,1.3006548755182155,2.8635749906977375,DAVIS_EGS_16908_2024-11-01-19-10-44,C1_CENTROID__S2
1158.0,19.17098445595855,1.2953367875647668,19.170984455958546,19.170984455958546,0.2770125626797955,0.2741193175079627,22.44595105577022,3.798399925261161,84.10241092458926,DAVIS_Filtered_NOAA6_11416_2025-01-13-19-51-06,C1_CENTROID__S2
23.0,52.17391304347826,8.695652173913043,52.17391304347826,52.17391304347826,0.46359692546113423,0.5395771689944963,8.730948818843105,4.271992989103098,13.940023975385104,DAVIS_RESURSDK1_29228_2024-12-04-18-37-01,C1_CENTROID__S2
8.0,25.0,0.0,25.0,25.0,0.37684334689490145,0.38713289476325496,9.224431589211722,7.295458973967358,17.827176473778152,DAVIS_SL12RB2_15772_2024-12-04-18-21-37,C1_CENTROID__S2
197.0,12.690355329949238,0.0,12.690355329949238,12.690355329949238,0.28743979204001524,0.2952299388582205,12.348083963105928,4.335392139126517,22.908527421975258,DAVIS_SL16RB_20625_2024-12-04-19-34-18,C1_CENTROID__S2
10.0,40.0,0.0,40.0,40.0,0.29034891731353035,0.18787633438485138,20.76602045682558,21.422637729619524,33.92878072220043,DAVIS_SL16RB_26070_2024-12-04-19-14-39,C1_CENTROID__S2
5605.0,35.664585191793044,15.343443354148082,35.664585191793044,35.664585191793044,0.453868080560206,0.41931563296324265,4.378145039766126,2.4350450600439335,5.198251189020369,DAVIS_SL8RB_2025-01-13-19-15-36,C1_CENTROID__S2
12.0,16.666666666666668,0.0,16.666666666666664,16.666666666666664,0.24717622989209057,0.26734978421621924,63.92501599879426,16.937013256884388,229.79377706742966,DVX_Filtered_ACS3_59588_2025-01-20-19-35-44,C1_CENTROID__S2
478.0,38.28451882845188,10.669456066945607,38.28451882845189,38.28451882845189,0.3239609864284106,0.3458320470570606,136.74575802162,5.282686923235959,396.4271001074832,DVX_Filtered_BlockDM_SLRB_32405_2025-01-20-19-57-17,C1_CENTROID__S2
26.0,50.0,0.0,50.0,50.0,0.3925471395900613,0.4846007958554684,21.994296349362173,7.447351145737974,70.52945121550881,DVX_Filtered_NOAA15_25338_2025-01-20-19-25-07,C1_CENTROID__S2
34.0,23.529411764705884,5.882352941176471,23.52941176470588,23.52941176470588,0.29253533812025895,0.3009988613008002,35.33702759272829,11.949450761810423,87.6338795279382,DVX_Filtered_NOAA16_26536_2025-01-20-19-46-50,C1_CENTROID__S2
14.0,35.714285714285715,0.0,35.714285714285715,35.714285714285715,0.3077239657683744,0.22780240996786225,22.511830326772518,8.207837510231023,57.802922451221285,DVX_Filtered_NOAA6_11416_2025-01-20-19-11-35,C1_CENTROID__S2
9.0,77.77777777777777,0.0,77.77777777777779,77.77777777777779,0.6186625752582644,0.6746831287603802,5.3285926204730965,4.956985287794024,8.47486390195223,DVX_Filtered_Stars2_2025-01-20-19-57-17,C1_CENTROID__S2
3326.0,39.53698135898978,2.736019242333133,39.53698135898978,39.53698135898978,0.36117911129081187,0.4419578433965141,83.87458457900058,3.228075151697359,366.58323264264584,DVX_Filtered_Stars_2025-01-20-19-15-10,C1_CENTROID__S2
6.0,16.666666666666668,0.0,16.666666666666664,16.666666666666664,0.16084683657392607,0.055417679482876625,112.97372658754175,93.9687264720885,235.207382117789,DVX_NOAA6_11416_2025-01-20-19-06-31,C1_CENTROID__S2
1203.0,0.41562759767248547,0.0831255195344971,0.41562759767248547,0.41562759767248547,0.19586275236656683,0.17313432835820897,7.88535640765948,5.448590207130835,11.818557600437813,2025_12_23_21_12_28_EVK4_mag5.2,C1_CENTROID__S3
43.0,4.651162790697675,0.0,4.651162790697675,4.651162790697675,0.2807046012523539,0.2642706131078224,7.244232503047697,5.072154073507428,10.982239697084683,DAVIS_COSMOS1933_18958_2024-12-04-18-37-01,C1_CENTROID__S3
3140.0,20.923566878980893,2.1974522292993632,20.923566878980893,20.923566878980893,0.3369320535418561,0.3,2.0188065134408126,1.3006548755182155,2.8635749906977375,DAVIS_EGS_16908_2024-11-01-19-10-44,C1_CENTROID__S3
1158.0,5.181347150259067,0.25906735751295334,5.181347150259067,5.181347150259067,0.1902814299626416,0.1611417040011439,22.44595105577022,3.798399925261161,84.10241092458926,DAVIS_Filtered_NOAA6_11416_2025-01-13-19-51-06,C1_CENTROID__S3
23.0,26.08695652173913,4.3478260869565215,26.08695652173913,26.08695652173913,0.36820615650320554,0.3667711598746082,8.730948818843105,4.271992989103098,13.940023975385104,DAVIS_RESURSDK1_29228_2024-12-04-18-37-01,C1_CENTROID__S3
8.0,0.0,0.0,0.0,0.0,0.2440323559409524,0.2876432138463434,9.224431589211722,7.295458973967358,17.827176473778152,DAVIS_SL12RB2_15772_2024-12-04-18-21-37,C1_CENTROID__S3
197.0,5.583756345177665,0.0,5.583756345177665,5.583756345177665,0.23720791037662564,0.22291021671826625,12.348083963105928,4.335392139126517,22.908527421975258,DAVIS_SL16RB_20625_2024-12-04-19-34-18,C1_CENTROID__S3
10.0,30.0,0.0,30.0,30.0,0.23751774822543975,0.10267192595345265,20.76602045682558,21.422637729619524,33.92878072220043,DAVIS_SL16RB_26070_2024-12-04-19-14-39,C1_CENTROID__S3
5605.0,9.18822479928635,0.3568242640499554,9.18822479928635,9.18822479928635,0.31297577895111617,0.31141868512110726,4.378145039766126,2.4350450600439335,5.198251189020369,DAVIS_SL8RB_2025-01-13-19-15-36,C1_CENTROID__S3
12.0,8.333333333333334,0.0,8.333333333333332,8.333333333333332,0.20458171550257834,0.20839872351021363,63.92501599879426,16.937013256884388,229.79377706742966,DVX_Filtered_ACS3_59588_2025-01-20-19-35-44,C1_CENTROID__S3
478.0,3.5564853556485354,0.41841004184100417,3.556485355648536,3.556485355648536,0.14287789786917263,0.09431282810607011,136.74575802162,5.282686923235959,396.4271001074832,DVX_Filtered_BlockDM_SLRB_32405_2025-01-20-19-57-17,C1_CENTROID__S3
26.0,7.6923076923076925,0.0,7.6923076923076925,7.6923076923076925,0.19342855100278158,0.21814344118435808,21.994296349362173,7.447351145737974,70.52945121550881,DVX_Filtered_NOAA15_25338_2025-01-20-19-25-07,C1_CENTROID__S3
34.0,5.882352941176471,0.0,5.88235294117647,5.88235294117647,0.20541238666032743,0.21174828272810345,35.33702759272829,11.949450761810423,87.6338795279382,DVX_Filtered_NOAA16_26536_2025-01-20-19-46-50,C1_CENTROID__S3
14.0,7.142857142857143,7.142857142857143,7.142857142857142,7.142857142857142,0.2232236926656801,0.1624862938596494,22.511830326772518,8.207837510231023,57.802922451221285,DVX_Filtered_NOAA6_11416_2025-01-20-19-11-35,C1_CENTROID__S3
9.0,0.0,0.0,0.0,0.0,0.19858532219926825,0.1875,5.3285926204730965,4.956985287794024,8.47486390195223,DVX_Filtered_Stars2_2025-01-20-19-57-17,C1_CENTROID__S3
3326.0,6.644618159951894,0.09019843656043296,6.644618159951894,6.644618159951894,0.2196360340764002,0.2328221076442893,83.87458457900058,3.228075151697359,366.58323264264584,DVX_Filtered_Stars_2025-01-20-19-15-10,C1_CENTROID__S3
6.0,16.666666666666668,0.0,16.666666666666664,16.666666666666664,0.16353398297542002,0.06084285981926945,112.97372658754175,93.9687264720885,235.207382117789,DVX_NOAA6_11416_2025-01-20-19-06-31,C1_CENTROID__S3
1203.0,11.803823773898587,0.24937655860349128,11.803823773898586,11.803823773898586,0.3209346647357513,0.29358358288729375,7.88535640765948,5.448590207130835,11.818557600437813,2025_12_23_21_12_28_EVK4_mag5.2,C1_CENTROID__S4
43.0,44.18604651162791,2.3255813953488373,44.18604651162791,44.18604651162791,0.43240691173482154,0.4685975487778823,7.244232503047697,5.072154073507428,10.982239697084683,DAVIS_COSMOS1933_18958_2024-12-04-18-37-01,C1_CENTROID__S4
3140.0,36.71974522292994,3.248407643312102,36.71974522292993,36.71974522292993,0.45559841463738276,0.4443613122559068,2.0188065134408126,1.3006548755182155,2.8635749906977375,DAVIS_EGS_16908_2024-11-01-19-10-44,C1_CENTROID__S4
1158.0,16.753022452504318,1.2089810017271156,16.753022452504318,16.753022452504318,0.2764007533135704,0.2864151774980822,22.44595105577022,3.798399925261161,84.10241092458926,DAVIS_Filtered_NOAA6_11416_2025-01-13-19-51-06,C1_CENTROID__S4
23.0,39.130434782608695,13.043478260869565,39.130434782608695,39.130434782608695,0.43192016447962706,0.4077101122746938,8.730948818843105,4.271992989103098,13.940023975385104,DAVIS_RESURSDK1_29228_2024-12-04-18-37-01,C1_CENTROID__S4
8.0,25.0,0.0,25.0,25.0,0.38480817479846047,0.3627278547985464,9.224431589211722,7.295458973967358,17.827176473778152,DAVIS_SL12RB2_15772_2024-12-04-18-21-37,C1_CENTROID__S4
197.0,14.720812182741117,3.553299492385787,14.720812182741117,14.720812182741117,0.2767733392945884,0.24508255795848516,12.348083963105928,4.335392139126517,22.908527421975258,DAVIS_SL16RB_20625_2024-12-04-19-34-18,C1_CENTROID__S4
10.0,20.0,10.0,20.0,20.0,0.27225499042901624,0.17981000448354864,20.76602045682558,21.422637729619524,33.92878072220043,DAVIS_SL16RB_26070_2024-12-04-19-14-39,C1_CENTROID__S4
5605.0,35.9678858162355,16.30686886708296,35.96788581623551,35.96788581623551,0.4553420466593711,0.4170887675175228,4.378145039766126,2.4350450600439335,5.198251189020369,DAVIS_SL8RB_2025-01-13-19-15-36,C1_CENTROID__S4
12.0,8.333333333333334,0.0,8.333333333333332,8.333333333333332,0.2024492674939916,0.20200789221095805,63.92501599879426,16.937013256884388,229.79377706742966,DVX_Filtered_ACS3_59588_2025-01-20-19-35-44,C1_CENTROID__S4
478.0,20.0836820083682,1.4644351464435146,20.0836820083682,20.0836820083682,0.24939083962859324,0.2644600577278028,136.74575802162,5.282686923235959,396.4271001074832,DVX_Filtered_BlockDM_SLRB_32405_2025-01-20-19-57-17,C1_CENTROID__S4
26.0,26.923076923076923,0.0,26.923076923076923,26.923076923076923,0.31992024004525493,0.39738379775889976,21.994296349362173,7.447351145737974,70.52945121550881,DVX_Filtered_NOAA15_25338_2025-01-20-19-25-07,C1_CENTROID__S4
34.0,20.58823529411765,0.0,20.588235294117645,20.588235294117645,0.26050821141074576,0.267782104907019,35.33702759272829,11.949450761810423,87.6338795279382,DVX_Filtered_NOAA16_26536_2025-01-20-19-46-50,C1_CENTROID__S4
14.0,42.857142857142854,7.142857142857143,42.857142857142854,42.857142857142854,0.3093982029585782,0.24370136743025445,22.511830326772518,8.207837510231023,57.802922451221285,DVX_Filtered_NOAA6_11416_2025-01-20-19-11-35,C1_CENTROID__S4
9.0,11.11111111111111,0.0,11.11111111111111,11.11111111111111,0.40859854338270096,0.4061051123861034,5.3285926204730965,4.956985287794024,8.47486390195223,DVX_Filtered_Stars2_2025-01-20-19-57-17,C1_CENTROID__S4
3326.0,38.27420324714372,3.2170775706554418,38.27420324714372,38.27420324714372,0.359051734449198,0.4385332840750248,83.87458457900058,3.228075151697359,366.58323264264584,DVX_Filtered_Stars_2025-01-20-19-15-10,C1_CENTROID__S4
6.0,16.666666666666668,0.0,16.666666666666664,16.666666666666664,0.14667681824886414,0.01030548765101275,112.97372658754175,93.9687264720885,235.207382117789,DVX_NOAA6_11416_2025-01-20-19-06-31,C1_CENTROID__S4
1203.0,33.58270989193682,4.488778054862843,33.58270989193682,33.58270989193682,0.45250906532366497,0.4337310728249987,8.11646894365827,5.830951894845301,12.083045973594572,2025_12_23_21_12_28_EVK4_mag5.2,C4_MEDIAN__S2
43.0,37.2093023255814,2.3255813953488373,37.2093023255814,37.2093023255814,0.46088872515413043,0.4638280103651345,6.976170462738437,4.47213595499958,10.809975124224183,DAVIS_COSMOS1933_18958_2024-12-04-18-37-01,C4_MEDIAN__S2
3140.0,64.49044585987261,18.94904458598726,64.49044585987261,64.49044585987261,0.5603261904735016,0.607093813334931,1.8142477001470556,1.0,2.23606797749979,DAVIS_EGS_16908_2024-11-01-19-10-44,C4_MEDIAN__S2
1158.0,18.56649395509499,1.0362694300518134,18.56649395509499,18.56649395509499,0.2784431698910877,0.2752431456765495,22.438925306766684,3.8078865529319543,84.19604325794172,DAVIS_Filtered_NOAA6_11416_2025-01-13-19-51-06,C4_MEDIAN__S2
23.0,47.82608695652174,8.695652173913043,47.82608695652174,47.82608695652174,0.4601906320307014,0.4705678298761501,8.805594660372298,5.0,14.253169571333462,DAVIS_RESURSDK1_29228_2024-12-04-18-37-01,C4_MEDIAN__S2
8.0,37.5,0.0,37.5,37.5,0.3859639022499607,0.38500539947992807,9.062872573155639,6.007805166635896,18.039164844888433,DAVIS_SL12RB2_15772_2024-12-04-18-21-37,C4_MEDIAN__S2
197.0,18.781725888324875,0.0,18.781725888324875,18.781725888324875,0.3342247587623113,0.34341806704815936,11.48906724855979,3.1622776601683795,23.215835585313936,DAVIS_SL16RB_20625_2024-12-04-19-34-18,C4_MEDIAN__S2
10.0,30.0,0.0,30.0,30.0,0.28143384945878597,0.18943494911549874,20.725183108590578,21.46291201783626,33.77168157944444,DAVIS_SL16RB_26070_2024-12-04-19-14-39,C4_MEDIAN__S2
5605.0,38.55486173059768,13.844781445138269,38.55486173059768,38.55486173059768,0.4662509837331046,0.4408177708078215,4.177295655477108,2.23606797749979,5.0,DAVIS_SL8RB_2025-01-13-19-15-36,C4_MEDIAN__S2
12.0,16.666666666666668,0.0,16.666666666666664,16.666666666666664,0.24967541497013812,0.2962301097387486,62.91296307274203,15.132055968554933,224.72359072292176,DVX_Filtered_ACS3_59588_2025-01-20-19-35-44,C4_MEDIAN__S2
478.0,41.42259414225941,12.761506276150628,41.42259414225941,41.42259414225941,0.33802692990399386,0.38465319754776284,136.5992899970412,3.1622776601683795,395.81359316642653,DVX_Filtered_BlockDM_SLRB_32405_2025-01-20-19-57-17,C4_MEDIAN__S2
26.0,50.0,0.0,50.0,50.0,0.4003714339332046,0.4763258629013197,21.916918260395367,7.784797755401678,70.43148923622451,DVX_Filtered_NOAA15_25338_2025-01-20-19-25-07,C4_MEDIAN__S2
34.0,20.58823529411765,2.9411764705882355,20.588235294117645,20.588235294117645,0.29466930375548833,0.31809752565990934,35.10701717278316,10.8309518948453,88.05039549110813,DVX_Filtered_NOAA16_26536_2025-01-20-19-46-50,C4_MEDIAN__S2
14.0,35.714285714285715,0.0,35.714285714285715,35.714285714285715,0.3039757023050727,0.20867620107727475,22.586183306763008,9.12823178405762,57.83875717976937,DVX_Filtered_NOAA6_11416_2025-01-20-19-11-35,C4_MEDIAN__S2
9.0,77.77777777777777,11.11111111111111,77.77777777777779,77.77777777777779,0.6286768005973977,0.6767573744990969,5.4598609967600025,5.0,8.84980619863884,DVX_Filtered_Stars2_2025-01-20-19-57-17,C4_MEDIAN__S2
3326.0,44.4377630787733,3.7582681900180397,44.4377630787733,44.4377630787733,0.37685976953138306,0.46734453275996524,83.52509320092858,2.23606797749979,367.21247255505904,DVX_Filtered_Stars_2025-01-20-19-15-10,C4_MEDIAN__S2
6.0,16.666666666666668,0.0,16.666666666666664,16.666666666666664,0.1490164009715356,0.035552205240888084,113.6456955502377,95.66508832682032,234.86630417347186,DVX_NOAA6_11416_2025-01-20-19-06-31,C4_MEDIAN__S2
1203.0,0.41562759767248547,0.0,0.41562759767248547,0.41562759767248547,0.19623236689699958,0.17313432835820897,8.11646894365827,5.830951894845301,12.083045973594572,2025_12_23_21_12_28_EVK4_mag5.2,C4_MEDIAN__S3
43.0,6.976744186046512,0.0,6.976744186046512,6.976744186046512,0.29693667826469156,0.2748414376321353,6.976170462738437,4.47213595499958,10.809975124224183,DAVIS_COSMOS1933_18958_2024-12-04-18-37-01,C4_MEDIAN__S3
3140.0,22.67515923566879,2.8025477707006368,22.67515923566879,22.67515923566879,0.34410462872360864,0.30548117897727295,1.8142477001470556,1.0,2.23606797749979,DAVIS_EGS_16908_2024-11-01-19-10-44,C4_MEDIAN__S3
1158.0,5.4404145077720205,0.17271157167530224,5.4404145077720205,5.4404145077720205,0.18823798550204474,0.16656828020464282,22.438925306766684,3.8078865529319543,84.19604325794172,DAVIS_Filtered_NOAA6_11416_2025-01-13-19-51-06,C4_MEDIAN__S3
23.0,30.434782608695652,4.3478260869565215,30.434782608695656,30.434782608695656,0.3728534896229541,0.375,8.805594660372298,5.0,14.253169571333462,DAVIS_RESURSDK1_29228_2024-12-04-18-37-01,C4_MEDIAN__S3
8.0,0.0,0.0,0.0,0.0,0.24899989653553126,0.29357912026623684,9.062872573155639,6.007805166635896,18.039164844888433,DAVIS_SL12RB2_15772_2024-12-04-18-21-37,C4_MEDIAN__S3
197.0,6.598984771573604,0.0,6.598984771573605,6.598984771573605,0.25543707571959007,0.2430555555555555,11.48906724855979,3.1622776601683795,23.215835585313936,DAVIS_SL16RB_20625_2024-12-04-19-34-18,C4_MEDIAN__S3
10.0,10.0,0.0,10.0,10.0,0.23454605437014858,0.11859680454179596,20.725183108590578,21.46291201783626,33.77168157944444,DAVIS_SL16RB_26070_2024-12-04-19-14-39,C4_MEDIAN__S3
5605.0,10.419268510258698,0.44603033006244425,10.419268510258698,10.419268510258698,0.3164296304448562,0.3141025641025641,4.177295655477108,2.23606797749979,5.0,DAVIS_SL8RB_2025-01-13-19-15-36,C4_MEDIAN__S3
12.0,8.333333333333334,0.0,8.333333333333332,8.333333333333332,0.21375925641982577,0.2575631548988635,62.91296307274203,15.132055968554933,224.72359072292176,DVX_Filtered_ACS3_59588_2025-01-20-19-35-44,C4_MEDIAN__S3
478.0,5.648535564853557,0.41841004184100417,5.648535564853557,5.648535564853557,0.15251628547707366,0.09431282810607011,136.5992899970412,3.1622776601683795,395.81359316642653,DVX_Filtered_BlockDM_SLRB_32405_2025-01-20-19-57-17,C4_MEDIAN__S3
26.0,7.6923076923076925,0.0,7.6923076923076925,7.6923076923076925,0.20626391925446752,0.21920313239533584,21.916918260395367,7.784797755401678,70.43148923622451,DVX_Filtered_NOAA15_25338_2025-01-20-19-25-07,C4_MEDIAN__S3
34.0,5.882352941176471,0.0,5.88235294117647,5.88235294117647,0.2068004521937731,0.20826926367004928,35.10701717278316,10.8309518948453,88.05039549110813,DVX_Filtered_NOAA16_26536_2025-01-20-19-46-50,C4_MEDIAN__S3
14.0,7.142857142857143,7.142857142857143,7.142857142857142,7.142857142857142,0.22360420641063358,0.16248629385964913,22.586183306763008,9.12823178405762,57.83875717976937,DVX_Filtered_NOAA6_11416_2025-01-20-19-11-35,C4_MEDIAN__S3
9.0,0.0,0.0,0.0,0.0,0.19253091596006636,0.1796875,5.4598609967600025,5.0,8.84980619863884,DVX_Filtered_Stars2_2025-01-20-19-57-17,C4_MEDIAN__S3
3326.0,10.763680096211665,0.4810583283223091,10.763680096211665,10.763680096211665,0.23491591557522545,0.23892496392496212,83.52509320092858,2.23606797749979,367.21247255505904,DVX_Filtered_Stars_2025-01-20-19-15-10,C4_MEDIAN__S3
6.0,16.666666666666668,0.0,16.666666666666664,16.666666666666664,0.15768051387012538,0.058044083552419926,113.6456955502377,95.66508832682032,234.86630417347186,DVX_NOAA6_11416_2025-01-20-19-06-31,C4_MEDIAN__S3
1203.0,12.385702410640066,0.24937655860349128,12.385702410640066,12.385702410640066,0.3220694871393252,0.29354446807459017,8.11646894365827,5.830951894845301,12.083045973594572,2025_12_23_21_12_28_EVK4_mag5.2,C4_MEDIAN__S4
43.0,46.51162790697674,6.976744186046512,46.51162790697674,46.51162790697674,0.4622937285173069,0.4959986941133607,6.976170462738437,4.47213595499958,10.809975124224183,DAVIS_COSMOS1933_18958_2024-12-04-18-37-01,C4_MEDIAN__S4
3140.0,38.75796178343949,3.4394904458598727,38.75796178343949,38.75796178343949,0.46559326799695855,0.4532790466802049,1.8142477001470556,1.0,2.23606797749979,DAVIS_EGS_16908_2024-11-01-19-10-44,C4_MEDIAN__S4
1158.0,17.443868739205527,1.0362694300518134,17.443868739205527,17.443868739205527,0.27654431797649026,0.2896400913361482,22.438925306766684,3.8078865529319543,84.19604325794172,DAVIS_Filtered_NOAA6_11416_2025-01-13-19-51-06,C4_MEDIAN__S4
23.0,43.47826086956522,13.043478260869565,43.47826086956522,43.47826086956522,0.42063972929234555,0.4374548047740016,8.805594660372298,5.0,14.253169571333462,DAVIS_RESURSDK1_29228_2024-12-04-18-37-01,C4_MEDIAN__S4
8.0,37.5,0.0,37.5,37.5,0.37125197975714164,0.35668381951104267,9.062872573155639,6.007805166635896,18.039164844888433,DAVIS_SL12RB2_15772_2024-12-04-18-21-37,C4_MEDIAN__S4
197.0,29.441624365482234,2.030456852791878,29.441624365482234,29.441624365482234,0.3489936865815509,0.3506471184587982,11.48906724855979,3.1622776601683795,23.215835585313936,DAVIS_SL16RB_20625_2024-12-04-19-34-18,C4_MEDIAN__S4
10.0,20.0,10.0,20.0,20.0,0.26609651713619,0.18550422128032984,20.725183108590578,21.46291201783626,33.77168157944444,DAVIS_SL16RB_26070_2024-12-04-19-14-39,C4_MEDIAN__S4
5605.0,38.48349687778769,14.87957181088314,38.48349687778769,38.48349687778769,0.4663479502467389,0.43460277977264505,4.177295655477108,2.23606797749979,5.0,DAVIS_SL8RB_2025-01-13-19-15-36,C4_MEDIAN__S4
12.0,8.333333333333334,0.0,8.333333333333332,8.333333333333332,0.20225465625005923,0.21980471704771276,62.91296307274203,15.132055968554933,224.72359072292176,DVX_Filtered_ACS3_59588_2025-01-20-19-35-44,C4_MEDIAN__S4
478.0,26.569037656903767,1.6736401673640167,26.569037656903767,26.569037656903767,0.2687998377234984,0.2845559503801412,136.5992899970412,3.1622776601683795,395.81359316642653,DVX_Filtered_BlockDM_SLRB_32405_2025-01-20-19-57-17,C4_MEDIAN__S4
26.0,30.76923076923077,0.0,30.76923076923077,30.76923076923077,0.32897932631052273,0.38866380934067213,21.916918260395367,7.784797755401678,70.43148923622451,DVX_Filtered_NOAA15_25338_2025-01-20-19-25-07,C4_MEDIAN__S4
34.0,17.647058823529413,2.9411764705882355,17.647058823529413,17.647058823529413,0.2613974884737563,0.2945344141507909,35.10701717278316,10.8309518948453,88.05039549110813,DVX_Filtered_NOAA16_26536_2025-01-20-19-46-50,C4_MEDIAN__S4
14.0,35.714285714285715,7.142857142857143,35.714285714285715,35.714285714285715,0.3074764123585067,0.22741029566564686,22.586183306763008,9.12823178405762,57.83875717976937,DVX_Filtered_NOAA6_11416_2025-01-20-19-11-35,C4_MEDIAN__S4
9.0,11.11111111111111,0.0,11.11111111111111,11.11111111111111,0.40181588782367855,0.406239710527028,5.4598609967600025,5.0,8.84980619863884,DVX_Filtered_Stars2_2025-01-20-19-57-17,C4_MEDIAN__S4
3326.0,46.48226097414312,6.103427540589297,46.48226097414312,46.48226097414312,0.3887295737232647,0.4794814633780593,83.52509320092858,2.23606797749979,367.21247255505904,DVX_Filtered_Stars_2025-01-20-19-15-10,C4_MEDIAN__S4
6.0,16.666666666666668,0.0,16.666666666666664,16.666666666666664,0.1383158315611503,0.0,113.6456955502377,95.66508832682032,234.86630417347186,DVX_NOAA6_11416_2025-01-20-19-06-31,C4_MEDIAN__S4
1203.0,33.58270989193682,3.574397339983375,33.58270989193682,33.58270989193682,0.44912041041440726,0.4337310728249987,8.647542550586707,6.377299058775163,12.497476463839808,2025_12_23_21_12_28_EVK4_mag5.2,C5_SOFT_BACKGROUND_CENTROID__S2
43.0,34.883720930232556,2.3255813953488373,34.883720930232556,34.883720930232556,0.4541413117579005,0.4569211478672611,7.270692562512809,5.075499641670776,11.060393490758639,DAVIS_COSMOS1933_18958_2024-12-04-18-37-01,C5_SOFT_BACKGROUND_CENTROID__S2
3140.0,58.40764331210191,13.566878980891719,58.40764331210191,58.40764331210191,0.5236791493306838,0.5527498330793751,2.478810875073399,1.7258572065947535,3.648368031114349,DAVIS_EGS_16908_2024-11-01-19-10-44,C5_SOFT_BACKGROUND_CENTROID__S2
1158.0,19.17098445595855,1.2089810017271156,19.170984455958546,19.170984455958546,0.2751121080312075,0.26941793900719857,22.471414075870015,3.8419931828821823,84.10241092458926,DAVIS_Filtered_NOAA6_11416_2025-01-13-19-51-06,C5_SOFT_BACKGROUND_CENTROID__S2
23.0,56.52173913043478,8.695652173913043,56.52173913043478,56.52173913043478,0.4675313263432859,0.5393013813643908,8.597514674260083,4.1868130391369816,13.930088643538916,DAVIS_RESURSDK1_29228_2024-12-04-18-37-01,C5_SOFT_BACKGROUND_CENTROID__S2
8.0,25.0,0.0,25.0,25.0,0.38914603911643714,0.3987858999839953,8.744372910305863,5.87712474348419,17.335466938948148,DAVIS_SL12RB2_15772_2024-12-04-18-21-37,C5_SOFT_BACKGROUND_CENTROID__S2
197.0,11.6751269035533,0.0,11.6751269035533,11.6751269035533,0.2796705338042698,0.28119141764448913,12.48604329807923,4.483371578508977,22.824369796829536,DAVIS_SL16RB_20625_2024-12-04-19-34-18,C5_SOFT_BACKGROUND_CENTROID__S2
10.0,40.0,0.0,40.0,40.0,0.285470944597878,0.1887875075537757,20.898416346736592,21.4096668343115,33.860415154316485,DAVIS_SL16RB_26070_2024-12-04-19-14-39,C5_SOFT_BACKGROUND_CENTROID__S2
5605.0,34.75468331846566,13.916146297948261,34.75468331846566,34.75468331846566,0.44483509505548857,0.4076708906676123,4.505060373690314,2.5506167716131793,5.398852531132998,DAVIS_SL8RB_2025-01-13-19-15-36,C5_SOFT_BACKGROUND_CENTROID__S2
12.0,16.666666666666668,0.0,16.666666666666664,16.666666666666664,0.2472315138309716,0.26880681044007115,64.10695773474906,16.842223751548723,231.83147641524596,DVX_Filtered_ACS3_59588_2025-01-20-19-35-44,C5_SOFT_BACKGROUND_CENTROID__S2
478.0,37.65690376569037,10.0418410041841,37.65690376569037,37.65690376569037,0.3219288968809277,0.3525919055014014,136.2390356859834,5.189879441306099,393.13149928849737,DVX_Filtered_BlockDM_SLRB_32405_2025-01-20-19-57-17,C5_SOFT_BACKGROUND_CENTROID__S2
26.0,50.0,0.0,50.0,50.0,0.40023595634201875,0.4846007958554684,21.84846986196947,7.552585109595615,70.503428929949,DVX_Filtered_NOAA15_25338_2025-01-20-19-25-07,C5_SOFT_BACKGROUND_CENTROID__S2
34.0,23.529411764705884,5.882352941176471,23.52941176470588,23.52941176470588,0.2926427102444591,0.3043141929451993,35.126941288806904,11.951909741988064,87.31344079124402,DVX_Filtered_NOAA16_26536_2025-01-20-19-46-50,C5_SOFT_BACKGROUND_CENTROID__S2
14.0,35.714285714285715,0.0,35.714285714285715,35.714285714285715,0.3095421085311319,0.2405992020330544,22.520852505521844,8.092272540557834,57.802922451221285,DVX_Filtered_NOAA6_11416_2025-01-20-19-11-35,C5_SOFT_BACKGROUND_CENTROID__S2
9.0,77.77777777777777,0.0,77.77777777777779,77.77777777777779,0.6212698192243914,0.6787298863959409,5.287896015591759,4.710146356718366,8.238295642980225,DVX_Filtered_Stars2_2025-01-20-19-57-17,C5_SOFT_BACKGROUND_CENTROID__S2
3326.0,38.00360793746242,2.465423932651834,38.00360793746242,38.00360793746242,0.35584208006717366,0.4309964042272187,83.69109150616076,3.4148324064776583,363.9660640493764,DVX_Filtered_Stars_2025-01-20-19-15-10,C5_SOFT_BACKGROUND_CENTROID__S2
6.0,16.666666666666668,0.0,16.666666666666664,16.666666666666664,0.15943147535153623,0.055417679482876625,113.05864679341762,93.36992125757875,235.89000289913736,DVX_NOAA6_11416_2025-01-20-19-06-31,C5_SOFT_BACKGROUND_CENTROID__S2
1203.0,0.3325020781379884,0.0831255195344971,0.3325020781379884,0.3325020781379884,0.19244634501421093,0.1686182669789227,8.647542550586707,6.377299058775163,12.497476463839808,2025_12_23_21_12_28_EVK4_mag5.2,C5_SOFT_BACKGROUND_CENTROID__S3
43.0,2.3255813953488373,0.0,2.3255813953488373,2.3255813953488373,0.2802545216062192,0.2642706131078224,7.270692562512809,5.075499641670776,11.060393490758639,DAVIS_COSMOS1933_18958_2024-12-04-18-37-01,C5_SOFT_BACKGROUND_CENTROID__S3
3140.0,16.751592356687897,1.5286624203821657,16.751592356687897,16.751592356687897,0.321554195312092,0.28934432194345727,2.478810875073399,1.7258572065947535,3.648368031114349,DAVIS_EGS_16908_2024-11-01-19-10-44,C5_SOFT_BACKGROUND_CENTROID__S3
1158.0,5.267702936096718,0.25906735751295334,5.267702936096718,5.267702936096718,0.18877566521766473,0.15946393071968007,22.471414075870015,3.8419931828821823,84.10241092458926,DAVIS_Filtered_NOAA6_11416_2025-01-13-19-51-06,C5_SOFT_BACKGROUND_CENTROID__S3
23.0,21.73913043478261,4.3478260869565215,21.73913043478261,21.73913043478261,0.36364858006616035,0.3744101943973168,8.597514674260083,4.1868130391369816,13.930088643538916,DAVIS_RESURSDK1_29228_2024-12-04-18-37-01,C5_SOFT_BACKGROUND_CENTROID__S3
8.0,0.0,0.0,0.0,0.0,0.2565511159170316,0.30874495392562806,8.744372910305863,5.87712474348419,17.335466938948148,DAVIS_SL12RB2_15772_2024-12-04-18-21-37,C5_SOFT_BACKGROUND_CENTROID__S3
197.0,5.0761421319796955,0.0,5.0761421319796955,5.0761421319796955,0.23278954136779967,0.21818181818181817,12.48604329807923,4.483371578508977,22.824369796829536,DAVIS_SL16RB_20625_2024-12-04-19-34-18,C5_SOFT_BACKGROUND_CENTROID__S3
10.0,30.0,0.0,30.0,30.0,0.23283854820906763,0.10135286000163084,20.898416346736592,21.4096668343115,33.860415154316485,DAVIS_SL16RB_26070_2024-12-04-19-14-39,C5_SOFT_BACKGROUND_CENTROID__S3
5605.0,8.528099910793934,0.3033006244424621,8.528099910793934,8.528099910793934,0.30832390921977154,0.30594405594405555,4.505060373690314,2.5506167716131793,5.398852531132998,DAVIS_SL8RB_2025-01-13-19-15-36,C5_SOFT_BACKGROUND_CENTROID__S3
12.0,8.333333333333334,0.0,8.333333333333332,8.333333333333332,0.20474277255532655,0.2090812766064323,64.10695773474906,16.842223751548723,231.83147641524596,DVX_Filtered_ACS3_59588_2025-01-20-19-35-44,C5_SOFT_BACKGROUND_CENTROID__S3
478.0,2.719665271966527,0.20920502092050208,2.7196652719665275,2.7196652719665275,0.14238435781290495,0.09431282810607133,136.2390356859834,5.189879441306099,393.13149928849737,DVX_Filtered_BlockDM_SLRB_32405_2025-01-20-19-57-17,C5_SOFT_BACKGROUND_CENTROID__S3
26.0,7.6923076923076925,0.0,7.6923076923076925,7.6923076923076925,0.1983695865183352,0.22761630816472553,21.84846986196947,7.552585109595615,70.503428929949,DVX_Filtered_NOAA15_25338_2025-01-20-19-25-07,C5_SOFT_BACKGROUND_CENTROID__S3
34.0,5.882352941176471,2.9411764705882355,5.88235294117647,5.88235294117647,0.20532383485513087,0.21174828272810345,35.126941288806904,11.951909741988064,87.31344079124402,DVX_Filtered_NOAA16_26536_2025-01-20-19-46-50,C5_SOFT_BACKGROUND_CENTROID__S3
14.0,7.142857142857143,7.142857142857143,7.142857142857142,7.142857142857142,0.22302963033315915,0.1624862938596494,22.520852505521844,8.092272540557834,57.802922451221285,DVX_Filtered_NOAA6_11416_2025-01-20-19-11-35,C5_SOFT_BACKGROUND_CENTROID__S3
9.0,0.0,0.0,0.0,0.0,0.19907128164417603,0.1875,5.287896015591759,4.710146356718366,8.238295642980225,DVX_Filtered_Stars2_2025-01-20-19-57-17,C5_SOFT_BACKGROUND_CENTROID__S3
3326.0,6.283824413710162,0.06013229104028864,6.283824413710162,6.283824413710162,0.21641322185313233,0.229864689286849,83.69109150616076,3.4148324064776583,363.9660640493764,DVX_Filtered_Stars_2025-01-20-19-15-10,C5_SOFT_BACKGROUND_CENTROID__S3
6.0,16.666666666666668,0.0,16.666666666666664,16.666666666666664,0.16087979144228484,0.06084285981926945,113.05864679341762,93.36992125757875,235.89000289913736,DVX_NOAA6_11416_2025-01-20-19-06-31,C5_SOFT_BACKGROUND_CENTROID__S3
1203.0,11.221945137157107,0.3325020781379884,11.221945137157107,11.221945137157107,0.31852989480262234,0.29355658988652406,8.647542550586707,6.377299058775163,12.497476463839808,2025_12_23_21_12_28_EVK4_mag5.2,C5_SOFT_BACKGROUND_CENTROID__S4
43.0,41.86046511627907,2.3255813953488373,41.86046511627907,41.86046511627907,0.43331421225701733,0.46847946016853637,7.270692562512809,5.075499641670776,11.060393490758639,DAVIS_COSMOS1933_18958_2024-12-04-18-37-01,C5_SOFT_BACKGROUND_CENTROID__S4
3140.0,32.547770700636946,1.8789808917197452,32.54777070063694,32.54777070063694,0.43559388046379127,0.4274109208655005,2.478810875073399,1.7258572065947535,3.648368031114349,DAVIS_EGS_16908_2024-11-01-19-10-44,C5_SOFT_BACKGROUND_CENTROID__S4
1158.0,16.493955094991364,0.8635578583765112,16.493955094991364,16.493955094991364,0.2747879214819602,0.2820353890042163,22.471414075870015,3.8419931828821823,84.10241092458926,DAVIS_Filtered_NOAA6_11416_2025-01-13-19-51-06,C5_SOFT_BACKGROUND_CENTROID__S4
23.0,43.47826086956522,13.043478260869565,43.47826086956522,43.47826086956522,0.4433945187742036,0.4065973691063206,8.597514674260083,4.1868130391369816,13.930088643538916,DAVIS_RESURSDK1_29228_2024-12-04-18-37-01,C5_SOFT_BACKGROUND_CENTROID__S4
8.0,25.0,0.0,25.0,25.0,0.39365174259290225,0.37220294371771045,8.744372910305863,5.87712474348419,17.335466938948148,DAVIS_SL12RB2_15772_2024-12-04-18-21-37,C5_SOFT_BACKGROUND_CENTROID__S4
197.0,14.720812182741117,2.5380710659898478,14.720812182741117,14.720812182741117,0.26732178407564955,0.2341644372026378,12.48604329807923,4.483371578508977,22.824369796829536,DAVIS_SL16RB_20625_2024-12-04-19-34-18,C5_SOFT_BACKGROUND_CENTROID__S4
10.0,20.0,10.0,20.0,20.0,0.2657828421349488,0.17879013167307828,20.898416346736592,21.4096668343115,33.860415154316485,DAVIS_SL16RB_26070_2024-12-04-19-14-39,C5_SOFT_BACKGROUND_CENTROID__S4
5605.0,35.34344335414808,14.23728813559322,35.34344335414808,35.34344335414808,0.44518913280099864,0.40822857090202336,4.505060373690314,2.5506167716131793,5.398852531132998,DAVIS_SL8RB_2025-01-13-19-15-36,C5_SOFT_BACKGROUND_CENTROID__S4
12.0,8.333333333333334,0.0,8.333333333333332,8.333333333333332,0.2026631741189611,0.20279739831250776,64.10695773474906,16.842223751548723,231.83147641524596,DVX_Filtered_ACS3_59588_2025-01-20-19-35-44,C5_SOFT_BACKGROUND_CENTROID__S4
478.0,19.456066945606693,1.4644351464435146,19.456066945606697,19.456066945606697,0.24828240486775874,0.2628314295845245,136.2390356859834,5.189879441306099,393.13149928849737,DVX_Filtered_BlockDM_SLRB_32405_2025-01-20-19-57-17,C5_SOFT_BACKGROUND_CENTROID__S4
26.0,26.923076923076923,0.0,26.923076923076923,26.923076923076923,0.3275621102503662,0.3974393467963995,21.84846986196947,7.552585109595615,70.503428929949,DVX_Filtered_NOAA15_25338_2025-01-20-19-25-07,C5_SOFT_BACKGROUND_CENTROID__S4
34.0,20.58823529411765,0.0,20.588235294117645,20.588235294117645,0.26021271167903526,0.267782104907019,35.126941288806904,11.951909741988064,87.31344079124402,DVX_Filtered_NOAA16_26536_2025-01-20-19-46-50,C5_SOFT_BACKGROUND_CENTROID__S4
14.0,35.714285714285715,7.142857142857143,35.714285714285715,35.714285714285715,0.3094450710243813,0.2520498419414281,22.520852505521844,8.092272540557834,57.802922451221285,DVX_Filtered_NOAA6_11416_2025-01-20-19-11-35,C5_SOFT_BACKGROUND_CENTROID__S4
9.0,11.11111111111111,0.0,11.11111111111111,11.11111111111111,0.4064055732345159,0.40837528345416263,5.287896015591759,4.710146356718366,8.238295642980225,DVX_Filtered_Stars2_2025-01-20-19-57-17,C5_SOFT_BACKGROUND_CENTROID__S4
3326.0,36.16957306073361,3.156945279615153,36.16957306073361,36.16957306073361,0.35256393380767975,0.4245936990806674,83.69109150616076,3.4148324064776583,363.9660640493764,DVX_Filtered_Stars_2025-01-20-19-15-10,C5_SOFT_BACKGROUND_CENTROID__S4
6.0,16.666666666666668,0.0,16.666666666666664,16.666666666666664,0.14403929823859093,0.01030548765101275,113.05864679341762,93.36992125757875,235.89000289913736,DVX_NOAA6_11416_2025-01-20-19-06-31,C5_SOFT_BACKGROUND_CENTROID__S4
1203.0,28.92768079800499,2.493765586034913,28.92768079800499,28.92768079800499,0.4199325597864599,0.4040482481130897,11.933919903495806,8.272730942671355,21.494079986148478,2025_12_23_21_12_28_EVK4_mag5.2,C6_RIDGE_RESIDUAL__S2
43.0,34.883720930232556,2.3255813953488373,34.883720930232556,34.883720930232556,0.4506018207719172,0.45390103691687106,7.078934939582999,4.773304768150394,10.73136948345926,DAVIS_COSMOS1933_18958_2024-12-04-18-37-01,C6_RIDGE_RESIDUAL__S2
3140.0,55.732484076433124,13.089171974522293,55.73248407643312,55.73248407643312,0.5153349487496679,0.5348577340235302,2.6558170090478943,1.8515281698975241,4.109039358795741,DAVIS_EGS_16908_2024-11-01-19-10-44,C6_RIDGE_RESIDUAL__S2
1158.0,19.0846286701209,1.2953367875647668,19.0846286701209,19.0846286701209,0.28262619470350353,0.27882930632263647,22.34831738549761,3.733826537750968,84.09676431073206,DAVIS_Filtered_NOAA6_11416_2025-01-13-19-51-06,C6_RIDGE_RESIDUAL__S2
23.0,52.17391304347826,8.695652173913043,52.17391304347826,52.17391304347826,0.4683656486644091,0.5122277813465534,8.313243762300935,4.4150606129769505,12.877086828530565,DAVIS_RESURSDK1_29228_2024-12-04-18-37-01,C6_RIDGE_RESIDUAL__S2
8.0,37.5,0.0,37.5,37.5,0.40040829975646086,0.3870297915573546,8.364481360295295,5.499407178170827,17.045877806049695,DAVIS_SL12RB2_15772_2024-12-04-18-21-37,C6_RIDGE_RESIDUAL__S2
197.0,20.304568527918782,0.5076142131979695,20.304568527918782,20.304568527918782,0.3387097652429804,0.3616966299821107,11.49483922390884,3.1226875383964527,23.156481785569405,DAVIS_SL16RB_20625_2024-12-04-19-34-18,C6_RIDGE_RESIDUAL__S2
10.0,40.0,0.0,40.0,40.0,0.28707180085209727,0.17734325461238745,20.848832393058352,21.686395130738994,34.08598625148484,DAVIS_SL16RB_26070_2024-12-04-19-14-39,C6_RIDGE_RESIDUAL__S2
5605.0,37.876895628902766,12.827832292595897,37.876895628902766,37.876895628902766,0.46075606980258743,0.4340719792094137,4.274493220746608,2.264848911139335,5.060483598197892,DAVIS_SL8RB_2025-01-13-19-15-36,C6_RIDGE_RESIDUAL__S2
12.0,8.333333333333334,0.0,8.333333333333332,8.333333333333332,0.22680203666422707,0.2743997975925314,63.600217237345426,16.480384564283213,225.8277663059477,DVX_Filtered_ACS3_59588_2025-01-20-19-35-44,C6_RIDGE_RESIDUAL__S2
478.0,38.91213389121339,10.0418410041841,38.912133891213394,38.912133891213394,0.32557981581595863,0.3564667285781228,136.20004979217413,4.813584366422035,394.30613153502435,DVX_Filtered_BlockDM_SLRB_32405_2025-01-20-19-57-17,C6_RIDGE_RESIDUAL__S2
26.0,46.15384615384615,0.0,46.15384615384615,46.15384615384615,0.3852230218793904,0.43324147255186723,22.083415897125526,9.765100760843694,69.77572156470507,DVX_Filtered_NOAA15_25338_2025-01-20-19-25-07,C6_RIDGE_RESIDUAL__S2
34.0,23.529411764705884,5.882352941176471,23.52941176470588,23.52941176470588,0.28341071652178934,0.2586713874350308,35.085361775588375,12.54629116060569,87.88709009522732,DVX_Filtered_NOAA16_26536_2025-01-20-19-46-50,C6_RIDGE_RESIDUAL__S2
14.0,28.571428571428573,0.0,28.57142857142857,28.57142857142857,0.289215527078815,0.18586409119274191,22.982951293713285,10.075573153347898,57.46466543112233,DVX_Filtered_NOAA6_11416_2025-01-20-19-11-35,C6_RIDGE_RESIDUAL__S2
9.0,77.77777777777777,11.11111111111111,77.77777777777779,77.77777777777779,0.6342319899499219,0.6788245583828962,4.819134442074182,4.115395886087724,8.258283891583591,DVX_Filtered_Stars2_2025-01-20-19-57-17,C6_RIDGE_RESIDUAL__S2
3326.0,40.40889957907396,2.254960914010824,40.40889957907397,40.40889957907397,0.36142552727847443,0.44728496519458294,83.58352118286709,3.0180984275977814,364.8189001409877,DVX_Filtered_Stars_2025-01-20-19-15-10,C6_RIDGE_RESIDUAL__S2
6.0,16.666666666666668,0.0,16.666666666666664,16.666666666666664,0.1551776541693752,0.05164414648692686,114.29486219553212,95.70511021913875,237.0921271347118,DVX_NOAA6_11416_2025-01-20-19-06-31,C6_RIDGE_RESIDUAL__S2
1203.0,0.24937655860349128,0.0,0.24937655860349126,0.24937655860349126,0.1785517277492379,0.15724762726488353,11.933919903495806,8.272730942671355,21.494079986148478,2025_12_23_21_12_28_EVK4_mag5.2,C6_RIDGE_RESIDUAL__S3
43.0,4.651162790697675,0.0,4.651162790697675,4.651162790697675,0.2779472460026394,0.26376357519685084,7.078934939582999,4.773304768150394,10.73136948345926,DAVIS_COSMOS1933_18958_2024-12-04-18-37-01,C6_RIDGE_RESIDUAL__S3
3140.0,15.955414012738853,1.178343949044586,15.955414012738853,15.955414012738853,0.31580195402860106,0.2857142857142857,2.6558170090478943,1.8515281698975241,4.109039358795741,DAVIS_EGS_16908_2024-11-01-19-10-44,C6_RIDGE_RESIDUAL__S3
1158.0,5.699481865284974,0.08635578583765112,5.699481865284974,5.699481865284974,0.1898936897390701,0.16686633748478077,22.34831738549761,3.733826537750968,84.09676431073206,DAVIS_Filtered_NOAA6_11416_2025-01-13-19-51-06,C6_RIDGE_RESIDUAL__S3
23.0,21.73913043478261,4.3478260869565215,21.73913043478261,21.73913043478261,0.37206375726027635,0.3667711598746082,8.313243762300935,4.4150606129769505,12.877086828530565,DAVIS_RESURSDK1_29228_2024-12-04-18-37-01,C6_RIDGE_RESIDUAL__S3
8.0,0.0,0.0,0.0,0.0,0.2644359173872085,0.3127080097555016,8.364481360295295,5.499407178170827,17.045877806049695,DAVIS_SL12RB2_15772_2024-12-04-18-21-37,C6_RIDGE_RESIDUAL__S3
197.0,8.121827411167512,0.0,8.121827411167512,8.121827411167512,0.2625167349809528,0.2542013839853127,11.49483922390884,3.1226875383964527,23.156481785569405,DAVIS_SL16RB_20625_2024-12-04-19-34-18,C6_RIDGE_RESIDUAL__S3
10.0,30.0,0.0,30.0,30.0,0.24254503438003439,0.118067460390228,20.848832393058352,21.686395130738994,34.08598625148484,DAVIS_SL16RB_26070_2024-12-04-19-14-39,C6_RIDGE_RESIDUAL__S3
5605.0,10.579839429081177,0.5173951828724354,10.579839429081177,10.579839429081177,0.31957040443472046,0.31746031746031744,4.274493220746608,2.264848911139335,5.060483598197892,DAVIS_SL8RB_2025-01-13-19-15-36,C6_RIDGE_RESIDUAL__S3
12.0,8.333333333333334,0.0,8.333333333333332,8.333333333333332,0.20010883201914306,0.22584148276463828,63.600217237345426,16.480384564283213,225.8277663059477,DVX_Filtered_ACS3_59588_2025-01-20-19-35-44,C6_RIDGE_RESIDUAL__S3
478.0,4.393305439330544,0.41841004184100417,4.393305439330543,4.393305439330543,0.14589590660091956,0.09431282810607011,136.20004979217413,4.813584366422035,394.30613153502435,DVX_Filtered_BlockDM_SLRB_32405_2025-01-20-19-57-17,C6_RIDGE_RESIDUAL__S3
26.0,7.6923076923076925,0.0,7.6923076923076925,7.6923076923076925,0.20170869457020643,0.22039098867291745,22.083415897125526,9.765100760843694,69.77572156470507,DVX_Filtered_NOAA15_25338_2025-01-20-19-25-07,C6_RIDGE_RESIDUAL__S3
34.0,5.882352941176471,0.0,5.88235294117647,5.88235294117647,0.1950537638886119,0.19433766799427468,35.085361775588375,12.54629116060569,87.88709009522732,DVX_Filtered_NOAA16_26536_2025-01-20-19-46-50,C6_RIDGE_RESIDUAL__S3
14.0,7.142857142857143,7.142857142857143,7.142857142857142,7.142857142857142,0.2186490684339084,0.1624862938596494,22.982951293713285,10.075573153347898,57.46466543112233,DVX_Filtered_NOAA6_11416_2025-01-20-19-11-35,C6_RIDGE_RESIDUAL__S3
9.0,0.0,0.0,0.0,0.0,0.19555468843906834,0.1796875,4.819134442074182,4.115395886087724,8.258283891583591,DVX_Filtered_Stars2_2025-01-20-19-57-17,C6_RIDGE_RESIDUAL__S3
3326.0,8.388454600120264,0.33072760072158747,8.388454600120264,8.388454600120264,0.22427057579233006,0.2324213202723025,83.58352118286709,3.0180984275977814,364.8189001409877,DVX_Filtered_Stars_2025-01-20-19-15-10,C6_RIDGE_RESIDUAL__S3
6.0,16.666666666666668,0.0,16.666666666666664,16.666666666666664,0.16947583808941813,0.062039567221356645,114.29486219553212,95.70511021913875,237.0921271347118,DVX_NOAA6_11416_2025-01-20-19-06-31,C6_RIDGE_RESIDUAL__S3
1203.0,9.72568578553616,0.1662510390689942,9.72568578553616,9.72568578553616,0.3012775894176267,0.279145636444229,11.933919903495806,8.272730942671355,21.494079986148478,2025_12_23_21_12_28_EVK4_mag5.2,C6_RIDGE_RESIDUAL__S4
43.0,44.18604651162791,4.651162790697675,44.18604651162791,44.18604651162791,0.44201291320971453,0.41777432011732984,7.078934939582999,4.773304768150394,10.73136948345926,DAVIS_COSMOS1933_18958_2024-12-04-18-37-01,C6_RIDGE_RESIDUAL__S4
3140.0,30.573248407643312,2.038216560509554,30.573248407643312,30.573248407643312,0.43008121368281904,0.4233587634910212,2.6558170090478943,1.8515281698975241,4.109039358795741,DAVIS_EGS_16908_2024-11-01-19-10-44,C6_RIDGE_RESIDUAL__S4
1158.0,16.666666666666668,0.9499136442141624,16.666666666666664,16.666666666666664,0.279951765999401,0.28844769247394053,22.34831738549761,3.733826537750968,84.09676431073206,DAVIS_Filtered_NOAA6_11416_2025-01-13-19-51-06,C6_RIDGE_RESIDUAL__S4
23.0,43.47826086956522,13.043478260869565,43.47826086956522,43.47826086956522,0.446928415772394,0.4123748603644988,8.313243762300935,4.4150606129769505,12.877086828530565,DAVIS_RESURSDK1_29228_2024-12-04-18-37-01,C6_RIDGE_RESIDUAL__S4
8.0,37.5,0.0,37.5,37.5,0.3977878739385715,0.38002066531131323,8.364481360295295,5.499407178170827,17.045877806049695,DAVIS_SL12RB2_15772_2024-12-04-18-21-37,C6_RIDGE_RESIDUAL__S4
197.0,29.949238578680202,5.583756345177665,29.949238578680205,29.949238578680205,0.3638899714620573,0.3670243563183401,11.49483922390884,3.1226875383964527,23.156481785569405,DAVIS_SL16RB_20625_2024-12-04-19-34-18,C6_RIDGE_RESIDUAL__S4
10.0,20.0,10.0,20.0,20.0,0.2721584992699639,0.17177522202793027,20.848832393058352,21.686395130738994,34.08598625148484,DAVIS_SL16RB_26070_2024-12-04-19-14-39,C6_RIDGE_RESIDUAL__S4
5605.0,38.78679750223015,14.148082069580731,38.78679750223015,38.78679750223015,0.4623563679231032,0.4339678952050823,4.274493220746608,2.264848911139335,5.060483598197892,DAVIS_SL8RB_2025-01-13-19-15-36,C6_RIDGE_RESIDUAL__S4
12.0,8.333333333333334,0.0,8.333333333333332,8.333333333333332,0.18022493727226005,0.17827574216711164,63.600217237345426,16.480384564283213,225.8277663059477,DVX_Filtered_ACS3_59588_2025-01-20-19-35-44,C6_RIDGE_RESIDUAL__S4
478.0,21.757322175732217,2.510460251046025,21.75732217573222,21.75732217573222,0.2550736418707585,0.26943575215037674,136.20004979217413,4.813584366422035,394.30613153502435,DVX_Filtered_BlockDM_SLRB_32405_2025-01-20-19-57-17,C6_RIDGE_RESIDUAL__S4
26.0,23.076923076923077,0.0,23.076923076923077,23.076923076923077,0.32498961080956257,0.41615815122302824,22.083415897125526,9.765100760843694,69.77572156470507,DVX_Filtered_NOAA15_25338_2025-01-20-19-25-07,C6_RIDGE_RESIDUAL__S4
34.0,17.647058823529413,2.9411764705882355,17.647058823529413,17.647058823529413,0.2503373463889794,0.24096090029480266,35.085361775588375,12.54629116060569,87.88709009522732,DVX_Filtered_NOAA16_26536_2025-01-20-19-46-50,C6_RIDGE_RESIDUAL__S4
14.0,35.714285714285715,7.142857142857143,35.714285714285715,35.714285714285715,0.29560120520742866,0.20276808447222427,22.982951293713285,10.075573153347898,57.46466543112233,DVX_Filtered_NOAA6_11416_2025-01-20-19-11-35,C6_RIDGE_RESIDUAL__S4
9.0,22.22222222222222,0.0,22.22222222222222,22.22222222222222,0.4027566805695663,0.3953451720090968,4.819134442074182,4.115395886087724,8.258283891583591,DVX_Filtered_Stars2_2025-01-20-19-57-17,C6_RIDGE_RESIDUAL__S4
3326.0,40.28863499699339,3.7582681900180397,40.28863499699338,40.28863499699338,0.3661464333438378,0.4433428530048102,83.58352118286709,3.0180984275977814,364.8189001409877,DVX_Filtered_Stars_2025-01-20-19-15-10,C6_RIDGE_RESIDUAL__S4
6.0,16.666666666666668,0.0,16.666666666666664,16.666666666666664,0.14861754660892645,0.0,114.29486219553212,95.70511021913875,237.0921271347118,DVX_NOAA6_11416_2025-01-20-19-06-31,C6_RIDGE_RESIDUAL__S4
1203.0,31.75394846217789,2.743142144638404,31.75394846217789,31.75394846217789,0.44275648749933305,0.4273773118511514,9.023668598450287,6.662391859040998,13.373223222150886,2025_12_23_21_12_28_EVK4_mag5.2,C7_EXTRATREES_RESIDUAL__S2
43.0,34.883720930232556,4.651162790697675,34.883720930232556,34.883720930232556,0.44944707206528073,0.4525412823263275,7.551495376480592,5.077261962059819,11.35117227076592,DAVIS_COSMOS1933_18958_2024-12-04-18-37-01,C7_EXTRATREES_RESIDUAL__S2
3140.0,62.29299363057325,17.070063694267517,62.29299363057324,62.29299363057324,0.546186190436141,0.5867609963640448,2.095593029044135,1.376046970723935,2.9620931171572313,DAVIS_EGS_16908_2024-11-01-19-10-44,C7_EXTRATREES_RESIDUAL__S2
1158.0,20.03454231433506,1.1226252158894645,20.03454231433506,20.03454231433506,0.28123767461524873,0.28396240003036033,22.38131126098462,3.761425778931777,83.60971092882686,DAVIS_Filtered_NOAA6_11416_2025-01-13-19-51-06,C7_EXTRATREES_RESIDUAL__S2
23.0,52.17391304347826,8.695652173913043,52.17391304347826,52.17391304347826,0.46607348166749857,0.5169155462110282,8.571413248781028,4.684803063570744,13.483632753257632,DAVIS_RESURSDK1_29228_2024-12-04-18-37-01,C7_EXTRATREES_RESIDUAL__S2
8.0,37.5,0.0,37.5,37.5,0.42683557717497633,0.43846295632185156,7.859055980717032,5.791962750147977,15.553569521437717,DAVIS_SL12RB2_15772_2024-12-04-18-21-37,C7_EXTRATREES_RESIDUAL__S2
197.0,15.736040609137056,0.0,15.736040609137056,15.736040609137056,0.30102795535774346,0.31620983746675135,12.253868180488723,4.058726367948562,23.353297698669923,DAVIS_SL16RB_20625_2024-12-04-19-34-18,C7_EXTRATREES_RESIDUAL__S2
10.0,40.0,0.0,40.0,40.0,0.28606950620636,0.1592706968315124,21.14827228592593,22.24332457539776,35.669772001604166,DAVIS_SL16RB_26070_2024-12-04-19-14-39,C7_EXTRATREES_RESIDUAL__S2
5605.0,36.89562890276539,15.664585191793043,36.89562890276539,36.89562890276539,0.46208586537463303,0.4256812869156299,4.269784591587413,2.3705391798024267,5.008251564740255,DAVIS_SL8RB_2025-01-13-19-15-36,C7_EXTRATREES_RESIDUAL__S2
12.0,33.333333333333336,8.333333333333334,33.33333333333333,33.33333333333333,0.2779004880939461,0.2676298005774147,63.0782039425161,17.255081065005438,229.02940488157023,DVX_Filtered_ACS3_59588_2025-01-20-19-35-44,C7_EXTRATREES_RESIDUAL__S2
478.0,38.49372384937239,12.761506276150628,38.49372384937239,38.49372384937239,0.32889233889940417,0.35538150860268,136.3879692617207,4.9808819357300855,395.74657895054696,DVX_Filtered_BlockDM_SLRB_32405_2025-01-20-19-57-17,C7_EXTRATREES_RESIDUAL__S2
26.0,50.0,3.8461538461538463,50.0,50.0,0.39444915498736555,0.4619900087024139,21.799073745188732,8.838040454010105,70.46243144422061,DVX_Filtered_NOAA15_25338_2025-01-20-19-25-07,C7_EXTRATREES_RESIDUAL__S2
34.0,26.470588235294116,2.9411764705882355,26.47058823529412,26.47058823529412,0.29051513767750003,0.3046503127219782,35.32459879965155,12.639510223342757,87.86748316758808,DVX_Filtered_NOAA16_26536_2025-01-20-19-46-50,C7_EXTRATREES_RESIDUAL__S2
14.0,35.714285714285715,0.0,35.714285714285715,35.714285714285715,0.3064801837197474,0.2146809490567172,22.846853904440387,8.423232035176643,57.898791573686005,DVX_Filtered_NOAA6_11416_2025-01-20-19-11-35,C7_EXTRATREES_RESIDUAL__S2
9.0,77.77777777777777,22.22222222222222,77.77777777777779,77.77777777777779,0.6535498631238581,0.7005463700210443,4.385147299589729,3.181813243520295,8.554945615182916,DVX_Filtered_Stars2_2025-01-20-19-57-17,C7_EXTRATREES_RESIDUAL__S2
3326.0,41.01022248947685,2.6458208057726997,41.01022248947685,41.01022248947685,0.3635970007764626,0.44900982845578896,83.62134217181728,3.0335558079816103,365.4262974413885,DVX_Filtered_Stars_2025-01-20-19-15-10,C7_EXTRATREES_RESIDUAL__S2
6.0,16.666666666666668,0.0,16.666666666666664,16.666666666666664,0.18602333715051966,0.05011088346061409,112.6892732729804,95.19131635229587,236.10203718483922,DVX_NOAA6_11416_2025-01-20-19-06-31,C7_EXTRATREES_RESIDUAL__S2
1203.0,0.49875311720698257,0.0,0.4987531172069825,0.4987531172069825,0.19219011973709405,0.16911130284728215,9.023668598450287,6.662391859040998,13.373223222150886,2025_12_23_21_12_28_EVK4_mag5.2,C7_EXTRATREES_RESIDUAL__S3
43.0,6.976744186046512,0.0,6.976744186046512,6.976744186046512,0.2745554997247279,0.2591738944131182,7.551495376480592,5.077261962059819,11.35117227076592,DAVIS_COSMOS1933_18958_2024-12-04-18-37-01,C7_EXTRATREES_RESIDUAL__S3
3140.0,20.828025477707005,1.6878980891719746,20.82802547770701,20.82802547770701,0.3350442101287086,0.3,2.095593029044135,1.376046970723935,2.9620931171572313,DAVIS_EGS_16908_2024-11-01-19-10-44,C7_EXTRATREES_RESIDUAL__S3
1158.0,5.958549222797927,0.08635578583765112,5.958549222797927,5.958549222797927,0.19270939046743252,0.16583368019330758,22.38131126098462,3.761425778931777,83.60971092882686,DAVIS_Filtered_NOAA6_11416_2025-01-13-19-51-06,C7_EXTRATREES_RESIDUAL__S3
23.0,30.434782608695652,4.3478260869565215,30.434782608695656,30.434782608695656,0.3711688445378469,0.3667711598746082,8.571413248781028,4.684803063570744,13.483632753257632,DAVIS_RESURSDK1_29228_2024-12-04-18-37-01,C7_EXTRATREES_RESIDUAL__S3
8.0,0.0,0.0,0.0,0.0,0.26932333808927733,0.3043215782271048,7.859055980717032,5.791962750147977,15.553569521437717,DAVIS_SL12RB2_15772_2024-12-04-18-21-37,C7_EXTRATREES_RESIDUAL__S3
197.0,5.583756345177665,0.0,5.583756345177665,5.583756345177665,0.23901395938691533,0.23163636363636408,12.253868180488723,4.058726367948562,23.353297698669923,DAVIS_SL16RB_20625_2024-12-04-19-34-18,C7_EXTRATREES_RESIDUAL__S3
10.0,20.0,0.0,20.0,20.0,0.22640367656534485,0.09617060527998739,21.14827228592593,22.24332457539776,35.669772001604166,DAVIS_SL16RB_26070_2024-12-04-19-14-39,C7_EXTRATREES_RESIDUAL__S3
5605.0,9.741302408563783,0.5887600356824264,9.741302408563781,9.741302408563781,0.31742947859016163,0.3137254901960784,4.269784591587413,2.3705391798024267,5.008251564740255,DAVIS_SL8RB_2025-01-13-19-15-36,C7_EXTRATREES_RESIDUAL__S3
12.0,8.333333333333334,0.0,8.333333333333332,8.333333333333332,0.2107421755300309,0.20412980445152862,63.0782039425161,17.255081065005438,229.02940488157023,DVX_Filtered_ACS3_59588_2025-01-20-19-35-44,C7_EXTRATREES_RESIDUAL__S3
478.0,3.5564853556485354,0.41841004184100417,3.556485355648536,3.556485355648536,0.1452420334026114,0.09431282810607011,136.3879692617207,4.9808819357300855,395.74657895054696,DVX_Filtered_BlockDM_SLRB_32405_2025-01-20-19-57-17,C7_EXTRATREES_RESIDUAL__S3
26.0,7.6923076923076925,0.0,7.6923076923076925,7.6923076923076925,0.18995152562046488,0.20696005412068869,21.799073745188732,8.838040454010105,70.46243144422061,DVX_Filtered_NOAA15_25338_2025-01-20-19-25-07,C7_EXTRATREES_RESIDUAL__S3
34.0,5.882352941176471,2.9411764705882355,5.88235294117647,5.88235294117647,0.20445560173781863,0.19833189678720142,35.32459879965155,12.639510223342757,87.86748316758808,DVX_Filtered_NOAA16_26536_2025-01-20-19-46-50,C7_EXTRATREES_RESIDUAL__S3
14.0,7.142857142857143,7.142857142857143,7.142857142857142,7.142857142857142,0.22214428253102378,0.1624862938596494,22.846853904440387,8.423232035176643,57.898791573686005,DVX_Filtered_NOAA6_11416_2025-01-20-19-11-35,C7_EXTRATREES_RESIDUAL__S3
9.0,0.0,0.0,0.0,0.0,0.19800539738427544,0.1796875,4.385147299589729,3.181813243520295,8.554945615182916,DVX_Filtered_Stars2_2025-01-20-19-57-17,C7_EXTRATREES_RESIDUAL__S3
3326.0,7.847263980757667,0.12026458208057728,7.847263980757667,7.847263980757667,0.22383936048841915,0.23516341297591398,83.62134217181728,3.0335558079816103,365.4262974413885,DVX_Filtered_Stars_2025-01-20-19-15-10,C7_EXTRATREES_RESIDUAL__S3
6.0,16.666666666666668,16.666666666666668,16.666666666666664,16.666666666666664,0.20888074813230276,0.05603007444203419,112.6892732729804,95.19131635229587,236.10203718483922,DVX_NOAA6_11416_2025-01-20-19-06-31,C7_EXTRATREES_RESIDUAL__S3
1203.0,10.473815461346634,0.0831255195344971,10.473815461346634,10.473815461346634,0.3169354194669555,0.2927797997970874,9.023668598450287,6.662391859040998,13.373223222150886,2025_12_23_21_12_28_EVK4_mag5.2,C7_EXTRATREES_RESIDUAL__S4
43.0,32.55813953488372,4.651162790697675,32.55813953488372,32.55813953488372,0.4232031756630446,0.4100593825396745,7.551495376480592,5.077261962059819,11.35117227076592,DAVIS_COSMOS1933_18958_2024-12-04-18-37-01,C7_EXTRATREES_RESIDUAL__S4
3140.0,36.27388535031847,2.929936305732484,36.273885350318466,36.273885350318466,0.45380075154278815,0.4429459168731737,2.095593029044135,1.376046970723935,2.9620931171572313,DAVIS_EGS_16908_2024-11-01-19-10-44,C7_EXTRATREES_RESIDUAL__S4
1158.0,17.271157167530223,0.7772020725388601,17.271157167530223,17.271157167530223,0.2800670023275757,0.2945514392999625,22.38131126098462,3.761425778931777,83.60971092882686,DAVIS_Filtered_NOAA6_11416_2025-01-13-19-51-06,C7_EXTRATREES_RESIDUAL__S4
23.0,43.47826086956522,13.043478260869565,43.47826086956522,43.47826086956522,0.43388997205309937,0.430507048219436,8.571413248781028,4.684803063570744,13.483632753257632,DAVIS_RESURSDK1_29228_2024-12-04-18-37-01,C7_EXTRATREES_RESIDUAL__S4
8.0,37.5,12.5,37.5,37.5,0.41307587042235255,0.4342092533304571,7.859055980717032,5.791962750147977,15.553569521437717,DAVIS_SL12RB2_15772_2024-12-04-18-21-37,C7_EXTRATREES_RESIDUAL__S4
197.0,23.3502538071066,2.030456852791878,23.3502538071066,23.3502538071066,0.29789820426246777,0.2783630902483979,12.253868180488723,4.058726367948562,23.353297698669923,DAVIS_SL16RB_20625_2024-12-04-19-34-18,C7_EXTRATREES_RESIDUAL__S4
10.0,20.0,10.0,20.0,20.0,0.2788210051970056,0.1684518176705439,21.14827228592593,22.24332457539776,35.669772001604166,DAVIS_SL16RB_26070_2024-12-04-19-14-39,C7_EXTRATREES_RESIDUAL__S4
5605.0,37.34165923282783,16.913470115967886,37.34165923282784,37.34165923282784,0.46358643065268745,0.4247705098143123,4.269784591587413,2.3705391798024267,5.008251564740255,DAVIS_SL8RB_2025-01-13-19-15-36,C7_EXTRATREES_RESIDUAL__S4
12.0,8.333333333333334,0.0,8.333333333333332,8.333333333333332,0.2160684832763112,0.20019162444698985,63.0782039425161,17.255081065005438,229.02940488157023,DVX_Filtered_ACS3_59588_2025-01-20-19-35-44,C7_EXTRATREES_RESIDUAL__S4
478.0,22.384937238493723,1.4644351464435146,22.384937238493723,22.384937238493723,0.25575399554405653,0.2693395320524584,136.3879692617207,4.9808819357300855,395.74657895054696,DVX_Filtered_BlockDM_SLRB_32405_2025-01-20-19-57-17,C7_EXTRATREES_RESIDUAL__S4
26.0,26.923076923076923,0.0,26.923076923076923,26.923076923076923,0.3180712360228916,0.4010654108717683,21.799073745188732,8.838040454010105,70.46243144422061,DVX_Filtered_NOAA15_25338_2025-01-20-19-25-07,C7_EXTRATREES_RESIDUAL__S4
34.0,20.58823529411765,0.0,20.588235294117645,20.588235294117645,0.2572174772349683,0.27008277384076007,35.32459879965155,12.639510223342757,87.86748316758808,DVX_Filtered_NOAA16_26536_2025-01-20-19-46-50,C7_EXTRATREES_RESIDUAL__S4
14.0,35.714285714285715,7.142857142857143,35.714285714285715,35.714285714285715,0.3088196071792007,0.21996243779084185,22.846853904440387,8.423232035176643,57.898791573686005,DVX_Filtered_NOAA6_11416_2025-01-20-19-11-35,C7_EXTRATREES_RESIDUAL__S4
9.0,22.22222222222222,0.0,22.22222222222222,22.22222222222222,0.4202696727199198,0.41032513914503255,4.385147299589729,3.181813243520295,8.554945615182916,DVX_Filtered_Stars2_2025-01-20-19-57-17,C7_EXTRATREES_RESIDUAL__S4
3326.0,40.10823812387252,3.848466626578473,40.10823812387252,40.10823812387252,0.36609191015487497,0.44876449726007933,83.62134217181728,3.0335558079816103,365.4262974413885,DVX_Filtered_Stars_2025-01-20-19-15-10,C7_EXTRATREES_RESIDUAL__S4
6.0,16.666666666666668,16.666666666666668,16.666666666666664,16.666666666666664,0.19256607326662234,0.008121875321671189,112.6892732729804,95.19131635229587,236.10203718483922,DVX_NOAA6_11416_2025-01-20-19-06-31,C7_EXTRATREES_RESIDUAL__S4
