fold,policy,sequence,sensor,precision,recall,f1,ap50,tp,fp,fn
0,P1,DAVIS_RESURSDK1_29228_2024-12-04-18-37-01,DAVIS,0.1746031746031746,0.4782608695652174,0.2558139534883721,0.37577639748868674,11,52,12
0,P1,DAVIS_SL16RB_20625_2024-12-04-19-34-18,DAVIS,0.3488372093023256,0.07614213197969544,0.12500000000000003,0.058055610484614016,15,28,182
0,P1,DVX_Filtered_ACS3_59588_2025-01-20-19-35-44,DVX,0.25,0.16666666666666666,0.2,0.16666666658333332,2,6,10
0,P1,DVX_Filtered_NOAA16_26536_2025-01-20-19-46-50,DVX,0.20930232558139536,0.2647058823529412,0.2337662337662338,0.08609425007243068,9,34,25
0,P3,DAVIS_RESURSDK1_29228_2024-12-04-18-37-01,DAVIS,0.10317460317460317,0.5652173913043478,0.174496644295302,0.4506393861594764,13,113,10
0,P3,DAVIS_SL16RB_20625_2024-12-04-19-34-18,DAVIS,0.24358974358974358,0.09644670050761421,0.13818181818181818,0.06685652275982823,19,59,178
0,P3,DVX_Filtered_ACS3_59588_2025-01-20-19-35-44,DVX,0.1875,0.25,0.21428571428571427,0.20833333324305553,3,13,9
0,P3,DVX_Filtered_NOAA16_26536_2025-01-20-19-46-50,DVX,0.11578947368421053,0.3235294117647059,0.17054263565891473,0.08080572148863047,11,84,23
0,P5,DAVIS_RESURSDK1_29228_2024-12-04-18-37-01,DAVIS,0.08496732026143791,0.5652173913043478,0.1477272727272727,0.4506393861594764,13,140,10
0,P5,DAVIS_SL16RB_20625_2024-12-04-19-34-18,DAVIS,0.24691358024691357,0.10152284263959391,0.14388489208633096,0.06866328521355453,20,61,177
0,P5,DVX_Filtered_ACS3_59588_2025-01-20-19-35-44,DVX,0.1875,0.25,0.21428571428571427,0.20833333324305553,3,13,9
0,P5,DVX_Filtered_NOAA16_26536_2025-01-20-19-46-50,DVX,0.09734513274336283,0.3235294117647059,0.14965986394557823,0.08006847717347199,11,102,23
0,H1_P1,DAVIS_RESURSDK1_29228_2024-12-04-18-37-01,DAVIS,0.21153846153846154,0.4782608695652174,0.29333333333333333,0.3477131563767568,11,41,12
0,H1_P1,DAVIS_SL16RB_20625_2024-12-04-19-34-18,DAVIS,0.3157894736842105,0.06091370558375635,0.10212765957446808,0.046856674057903044,12,26,185
0,H1_P1,DVX_Filtered_ACS3_59588_2025-01-20-19-35-44,DVX,0.375,0.25,0.3,0.09374999998828125,3,5,9
0,H1_P1,DVX_Filtered_NOAA16_26536_2025-01-20-19-46-50,DVX,0.21428571428571427,0.2647058823529412,0.2368421052631579,0.07541478129159139,9,33,25
1,P1,2025_12_23_21_12_28_EVK4_mag5.2,EVK4,0.1877116594097726,0.32252701579384874,0.23730886850152907,0.13181282380666925,388,1679,815
1,P1,DAVIS_COSMOS1933_18958_2024-12-04-18-37-01,DAVIS,0.08974358974358974,0.32558139534883723,0.1407035175879397,0.223376586862868,14,142,29
1,P1,DAVIS_Filtered_NOAA6_11416_2025-01-13-19-51-06,DAVIS,0.05657412257726559,0.18652849740932642,0.08681672025723473,0.06226140705888752,216,3602,942
1,P1,DVX_NOAA6_11416_2025-01-20-19-06-31,DVX,0.0002452783909737552,0.16666666666666666,0.0004898359049718343,0.16666666649999998,1,4076,5
1,P3,2025_12_23_21_12_28_EVK4_mag5.2,EVK4,0.07774480712166172,0.3266832917705736,0.12559923298178333,0.12803239448265177,393,4662,810
1,P3,DAVIS_COSMOS1933_18958_2024-12-04-18-37-01,DAVIS,0.061016949152542375,0.4186046511627907,0.10650887573964497,0.22849812421382942,18,277,25
1,P3,DAVIS_Filtered_NOAA6_11416_2025-01-13-19-51-06,DAVIS,0.019580047842650838,0.19084628670120898,0.03551627159501808,0.06224302974586356,221,11066,937
1,P3,DVX_NOAA6_11416_2025-01-20-19-06-31,DVX,8.277460475126231e-05,0.16666666666666666,0.0001654670306941342,0.16666666649999998,1,12080,5
1,P5,2025_12_23_21_12_28_EVK4_mag5.2,EVK4,0.05777387743162206,0.3283458021612635,0.09825870646766169,0.12777380653000234,395,6442,808
1,P5,DAVIS_COSMOS1933_18958_2024-12-04-18-37-01,DAVIS,0.047979797979797977,0.4418604651162791,0.08656036446469248,0.23150510594503917,19,377,24
1,P5,DAVIS_Filtered_NOAA6_11416_2025-01-13-19-51-06,DAVIS,0.012291678201649964,0.19170984455958548,0.023102138508767366,0.06225548764162854,222,17839,936
1,P5,DVX_NOAA6_11416_2025-01-20-19-06-31,DVX,5.0097690496468114e-05,0.16666666666666666,0.00010016527269995493,0.16666666649999998,1,19960,5
1,H1_P1,2025_12_23_21_12_28_EVK4_mag5.2,EVK4,0.20990201134605466,0.33832086450540316,0.2590706556333546,0.1492255785809854,407,1532,796
1,H1_P1,DAVIS_COSMOS1933_18958_2024-12-04-18-37-01,DAVIS,0.17094017094017094,0.46511627906976744,0.25,0.3346903110903397,20,97,23
1,H1_P1,DAVIS_Filtered_NOAA6_11416_2025-01-13-19-51-06,DAVIS,0.05988538681948424,0.18048359240069084,0.08993115318416524,0.06142825695957863,209,3281,949
1,H1_P1,DVX_NOAA6_11416_2025-01-20-19-06-31,DVX,0.00024993751562109475,0.16666666666666666,0.0004991265285749938,0.16666666649999998,1,4000,5
2,P1,DAVIS_EGS_16908_2024-11-01-19-10-44,DAVIS,0.527072192513369,0.5022292993630574,0.5143509458577952,0.344797276398708,1577,1415,1563
2,P1,DAVIS_SL12RB2_15772_2024-12-04-18-21-37,DAVIS,0.2727272727272727,0.375,0.3157894736842105,0.22499999995499997,3,8,5
2,P1,DVX_Filtered_Stars2_2025-01-20-19-57-17,DVX,0.7,0.7777777777777778,0.7368421052631577,0.6578483244237564,7,3,2
2,P3,DAVIS_EGS_16908_2024-11-01-19-10-44,DAVIS,0.5176933158584535,0.5031847133757962,0.5103359173126615,0.34102533379032657,1580,1472,1560
2,P3,DAVIS_SL12RB2_15772_2024-12-04-18-21-37,DAVIS,0.12,0.375,0.18181818181818182,0.17187499996289063,3,22,5
2,P3,DVX_Filtered_Stars2_2025-01-20-19-57-17,DVX,0.7,0.7777777777777778,0.7368421052631577,0.6578483244237564,7,3,2
2,P5,DAVIS_EGS_16908_2024-11-01-19-10-44,DAVIS,0.5151613955004891,0.5031847133757962,0.5091026260673434,0.3408194752402582,1580,1487,1560
2,P5,DAVIS_SL12RB2_15772_2024-12-04-18-21-37,DAVIS,0.0967741935483871,0.375,0.15384615384615383,0.17187499996289063,3,28,5
2,P5,DVX_Filtered_Stars2_2025-01-20-19-57-17,DVX,0.7,0.7777777777777778,0.7368421052631577,0.6578483244237564,7,3,2
2,H1_P1,DAVIS_EGS_16908_2024-11-01-19-10-44,DAVIS,0.5440347071583514,0.3993630573248408,0.4606060606060607,0.2747953169196117,1254,1051,1886
2,H1_P1,DAVIS_SL12RB2_15772_2024-12-04-18-21-37,DAVIS,0.3,0.375,0.33333333333333326,0.22499999995499997,3,7,5
2,H1_P1,DVX_Filtered_Stars2_2025-01-20-19-57-17,DVX,0.8,0.8888888888888888,0.8421052631578948,0.8765432097544581,8,2,1
3,P1,DAVIS_SL16RB_26070_2024-12-04-19-14-39,DAVIS,0.3076923076923077,0.4,0.34782608695652173,0.24666666653644445,4,9,6
3,P1,DVX_Filtered_NOAA15_25338_2025-01-20-19-25-07,DVX,0.4,0.5384615384615384,0.45901639344262296,0.3308410513034263,14,21,12
3,P1,DVX_Filtered_NOAA6_11416_2025-01-20-19-11-35,DVX,0.18181818181818182,0.2857142857142857,0.2222222222222222,0.12698412697001762,4,18,10
3,P3,DAVIS_SL16RB_26070_2024-12-04-19-14-39,DAVIS,0.1111111111111111,0.4,0.1739130434782609,0.21266666654080443,4,32,6
3,P3,DVX_Filtered_NOAA15_25338_2025-01-20-19-25-07,DVX,0.22058823529411764,0.5769230769230769,0.3191489361702128,0.29581644946147384,15,53,11
3,P3,DVX_Filtered_NOAA6_11416_2025-01-20-19-11-35,DVX,0.12244897959183673,0.42857142857142855,0.19047619047619047,0.1650060023862267,6,43,8
3,P5,DAVIS_SL16RB_26070_2024-12-04-19-14-39,DAVIS,0.10204081632653061,0.5,0.1694915254237288,0.22999999987366665,5,44,5
3,P5,DVX_Filtered_NOAA15_25338_2025-01-20-19-25-07,DVX,0.18072289156626506,0.5769230769230769,0.27522935779816515,0.29088440671445437,15,68,11
3,P5,DVX_Filtered_NOAA6_11416_2025-01-20-19-11-35,DVX,0.0967741935483871,0.42857142857142855,0.15789473684210525,0.16360544216229728,6,56,8
3,H1_P1,DAVIS_SL16RB_26070_2024-12-04-19-14-39,DAVIS,0.2727272727272727,0.3,0.28571428571428564,0.12857142855306122,3,8,7
3,H1_P1,DVX_Filtered_NOAA15_25338_2025-01-20-19-25-07,DVX,0.36363636363636365,0.46153846153846156,0.4067796610169492,0.2596153845865385,12,21,14
3,H1_P1,DVX_Filtered_NOAA6_11416_2025-01-20-19-11-35,DVX,0.3,0.42857142857142855,0.3529411764705882,0.2341269841019621,6,14,8
4,P1,DAVIS_SL8RB_2025-01-13-19-15-36,DAVIS,0.36014467791939375,0.37305976806422836,0.3664884760318991,0.3027564706511899,2091,3715,3514
4,P1,DVX_Filtered_BlockDM_SLRB_32405_2025-01-20-19-57-17,DVX,0.7307692307692307,0.3577405857740586,0.4803370786516854,0.3028064223614353,171,63,307
4,P1,DVX_Filtered_Stars_2025-01-20-19-15-10,DVX,0.6196130167106421,0.4236319903788334,0.5032142857142857,0.32693893952290054,1409,865,1917
4,P3,DAVIS_SL8RB_2025-01-13-19-15-36,DAVIS,0.35563858695652173,0.3735950044603033,0.36439571913338553,0.3014550615728942,2094,3794,3511
4,P3,DVX_Filtered_BlockDM_SLRB_32405_2025-01-20-19-57-17,DVX,0.7215189873417721,0.3577405857740586,0.47832167832167827,0.3022833562202609,171,66,307
4,P3,DVX_Filtered_Stars_2025-01-20-19-15-10,DVX,0.6166301969365426,0.4236319903788334,0.502227766886473,0.3262296833320121,1409,876,1917
4,P5,DAVIS_SL8RB_2025-01-13-19-15-36,DAVIS,0.35358649789029534,0.37377341659232827,0.3633998265394623,0.30113909623840013,2095,3830,3510
4,P5,DVX_Filtered_BlockDM_SLRB_32405_2025-01-20-19-57-17,DVX,0.7215189873417721,0.3577405857740586,0.47832167832167827,0.3022833562202609,171,66,307
4,P5,DVX_Filtered_Stars_2025-01-20-19-15-10,DVX,0.6163604549431321,0.4236319903788334,0.5021382751247327,0.3261205340788038,1409,877,1917
4,H1_P1,DAVIS_SL8RB_2025-01-13-19-15-36,DAVIS,0.38558287966960764,0.36645851917930417,0.3757775338455908,0.3007758913636203,2054,3273,3551
4,H1_P1,DVX_Filtered_BlockDM_SLRB_32405_2025-01-20-19-57-17,DVX,0.7350427350427351,0.3598326359832636,0.4831460674157304,0.3024937191100879,172,62,306
4,H1_P1,DVX_Filtered_Stars_2025-01-20-19-15-10,DVX,0.6232846392208942,0.423331328923632,0.5042076991942703,0.3274989726742502,1408,851,1918
